request_number,response_time,response_size,language,per_page
1,0.23030805587768555,95,Ruby,32
2,0.27333498001098633,95,Kotlin,33
3,0.22919082641601562,95,C++,11
4,0.22161602973937988,95,Swift,62
5,0.2291872501373291,95,JavaScript,2
6,0.21867799758911133,95,JavaScript,27
7,0.22251319885253906,95,Ruby,73
8,0.23111319541931152,95,Swift,88
9,0.2568349838256836,95,Go,12
10,0.21893978118896484,95,Ruby,26
11,0.22861599922180176,95,C++,60
12,0.21736383438110352,95,Java,20
13,0.22553586959838867,95,Kotlin,22
14,0.22062182426452637,95,C++,20
15,0.2229471206665039,95,Swift,32
16,0.2507760524749756,95,Python,47
17,0.22466087341308594,95,JavaScript,80
18,0.2638888359069824,95,C++,34
19,0.25630879402160645,95,Go,100
20,1.5620710849761963,95,JavaScript,51
21,0.2217240333557129,95,C++,70
22,0.24301505088806152,95,Java,74
23,0.21939420700073242,95,Go,93
24,0.543281078338623,95,Java,33
25,0.24290895462036133,95,Swift,17
26,1.2270598411560059,95,Ruby,79
27,0.21918177604675293,95,Python,27
28,1.260246992111206,95,Kotlin,50
29,0.22555899620056152,95,Ruby,33
30,0.26565003395080566,95,C++,95
31,0.22646284103393555,95,C++,78
32,0.30241823196411133,95,JavaScript,32
33,0.23026108741760254,95,Go,84
34,0.21661019325256348,95,Ruby,35
35,0.23329901695251465,95,JavaScript,85
36,0.2155158519744873,95,Swift,42
37,0.23388195037841797,95,Ruby,26
38,0.22010111808776855,95,Java,12
39,0.23450303077697754,95,Ruby,9
40,0.22701025009155273,95,Go,42
41,0.21386504173278809,95,Go,75
42,0.22233128547668457,95,Ruby,43
43,0.25077319145202637,95,Ruby,81
44,0.22477078437805176,95,Kotlin,71
45,0.2176649570465088,95,Swift,39
46,0.22453618049621582,95,Java,40
47,0.24605083465576172,95,JavaScript,48
48,1.2484407424926758,95,Swift,52
49,0.28812479972839355,95,JavaScript,11
50,0.22769904136657715,95,Ruby,31
51,0.22344684600830078,95,Ruby,18
52,0.27557969093322754,95,C++,46
53,0.22891020774841309,95,JavaScript,72
54,0.2386929988861084,95,Java,95
55,0.2202131748199463,95,JavaScript,68
56,0.25943994522094727,95,Go,25
57,0.21336102485656738,95,Python,87
58,0.21838021278381348,95,Python,90
59,0.23212909698486328,95,Java,21
60,0.21729493141174316,95,Ruby,21
61,0.24953508377075195,95,Python,1
62,0.2160937786102295,95,Go,7
63,0.27681803703308105,95,Ruby,27
64,0.21688580513000488,95,Java,34
65,0.2333235740661621,95,C++,21
66,0.23762202262878418,95,Java,17
67,0.22069001197814941,95,Java,16
68,0.2212848663330078,95,JavaScript,61
69,0.21658802032470703,95,JavaScript,73
70,0.24323463439941406,95,Ruby,46
71,0.22358298301696777,95,Kotlin,83
72,0.2815570831298828,95,Java,71
73,0.22554492950439453,95,Java,32
74,0.35063815116882324,95,Java,82
75,0.21675610542297363,95,Swift,45
76,0.221451997756958,95,Kotlin,18
77,0.22224926948547363,95,C++,31
78,0.22081518173217773,95,C++,58
79,0.2639200687408447,95,Kotlin,23
80,0.22339987754821777,95,Swift,10
81,0.28388381004333496,95,JavaScript,78
82,0.2163851261138916,95,C++,96
83,0.5961241722106934,95,JavaScript,76
84,0.2161111831665039,95,Swift,93
85,0.2548940181732178,95,C++,88
86,0.2189939022064209,95,Python,78
87,0.21438074111938477,95,JavaScript,93
88,0.2331840991973877,95,Python,72
89,0.22795915603637695,95,Swift,21
90,0.21390104293823242,95,JavaScript,1
91,0.2180769443511963,95,Swift,4
92,0.2508101463317871,95,Go,59
93,0.3537607192993164,95,JavaScript,33
94,0.29148197174072266,95,JavaScript,70
95,0.23231101036071777,95,Kotlin,64
96,0.22492098808288574,95,C++,70
97,0.25196123123168945,95,Kotlin,13
98,0.22596216201782227,95,Go,77
99,0.23055005073547363,95,Java,10
100,0.2114708423614502,95,JavaScript,26
101,0.23323798179626465,95,Swift,91
102,0.21742606163024902,95,Kotlin,36
103,0.2682521343231201,95,C++,21
104,0.21427106857299805,95,Java,42
105,0.24325013160705566,95,Java,69
106,0.21908998489379883,95,C++,52
107,0.23387885093688965,95,Python,93
108,0.21272873878479004,95,Python,55
109,0.22566604614257812,95,Go,74
110,0.2103281021118164,95,C++,94
111,0.22861695289611816,95,Ruby,73
112,0.23865699768066406,95,Kotlin,17
113,0.22429585456848145,95,Swift,67
114,0.5867860317230225,95,Swift,32
115,0.23717379570007324,95,Swift,77
116,0.21916890144348145,95,Swift,45
117,0.23649096488952637,95,Swift,5
118,0.2176830768585205,95,Kotlin,10
119,0.24387884140014648,95,Java,41
120,0.21049785614013672,95,C++,100
121,0.2188258171081543,95,Python,15
122,0.21690964698791504,95,Swift,51
123,0.22332406044006348,95,Python,76
124,0.23626184463500977,95,C++,32
125,0.2173318862915039,95,Swift,75
126,0.2271270751953125,95,Go,83
127,0.2306499481201172,95,Python,92
128,0.2652270793914795,95,Kotlin,78
129,0.2148740291595459,95,Python,65
130,0.2556619644165039,95,Swift,17
131,0.2163388729095459,95,Java,53
132,0.23279714584350586,95,Go,8
133,0.21760296821594238,95,Swift,80
134,0.2094581127166748,95,Kotlin,41
135,0.22623896598815918,95,Go,85
136,0.21838998794555664,95,C++,52
137,0.2590031623840332,95,Python,97
138,0.2271130084991455,95,Swift,80
139,0.2197561264038086,95,Swift,43
140,0.21774911880493164,95,Ruby,99
141,0.2227780818939209,95,Ruby,86
142,0.22727227210998535,95,Swift,53
143,0.25039196014404297,95,Python,47
144,0.2172551155090332,95,Python,61
145,0.20970392227172852,95,Kotlin,59
146,0.2270967960357666,95,Go,96
147,0.24281716346740723,95,Swift,14
148,0.252795934677124,95,Go,39
149,0.22086596488952637,95,Kotlin,29
150,0.24418997764587402,95,JavaScript,40
151,0.21726417541503906,95,Swift,51
152,0.21595406532287598,95,Java,88
153,0.34069108963012695,95,Go,62
154,0.2140190601348877,95,C++,1
155,0.24056601524353027,95,JavaScript,46
156,0.2169039249420166,95,Swift,18
157,0.2766718864440918,95,Swift,36
158,0.2317371368408203,95,C++,54
159,0.8010790348052979,95,Kotlin,82
160,0.2279219627380371,95,Python,6
161,0.3139488697052002,95,Swift,78
162,0.22640395164489746,95,Java,87
163,0.2329421043395996,95,Go,86
164,0.251723051071167,95,Kotlin,20
165,0.21570992469787598,95,Go,70
166,0.22133803367614746,95,JavaScript,65
167,0.22431087493896484,95,Java,60
168,0.21944022178649902,95,Go,46
169,0.2604401111602783,95,Python,54
170,0.230942964553833,95,C++,97
171,0.21761488914489746,95,Go,46
172,0.28441500663757324,95,Kotlin,87
173,0.22342395782470703,95,Java,47
174,0.22056913375854492,95,Kotlin,42
175,0.2154088020324707,95,Kotlin,14
176,0.20663905143737793,95,JavaScript,99
177,0.2214047908782959,95,Kotlin,99
178,0.22725796699523926,95,Java,60
179,0.2508871555328369,95,Go,62
180,0.2221660614013672,95,Python,20
181,0.24001693725585938,95,Kotlin,64
182,0.25077080726623535,95,Python,98
183,0.22374415397644043,95,Java,68
184,0.23355603218078613,95,C++,68
185,0.22578787803649902,95,C++,47
186,0.22081613540649414,95,Java,25
187,0.21780610084533691,95,Kotlin,45
188,0.23717308044433594,95,C++,30
189,0.25028300285339355,95,Kotlin,22
190,0.2794680595397949,95,Swift,96
191,0.21973204612731934,95,Go,85
192,0.2285928726196289,95,C++,38
193,0.22707581520080566,95,Swift,4
194,0.2227938175201416,95,Ruby,95
195,0.21358799934387207,95,Kotlin,77
196,0.22166705131530762,95,Python,48
197,0.22626399993896484,95,Ruby,46
198,0.2199718952178955,95,Swift,93
199,1.2407891750335693,95,Java,54
200,0.21267986297607422,95,Java,86
201,0.2771790027618408,95,Java,62
202,0.2149062156677246,95,Ruby,2
203,0.2827599048614502,95,Ruby,52
204,0.22804665565490723,95,Ruby,6
205,0.23403310775756836,95,Kotlin,10
206,0.2096099853515625,95,Swift,19
207,0.22266411781311035,95,Python,42
208,0.21246004104614258,95,Python,25
209,0.21842408180236816,95,Swift,30
210,0.23623204231262207,95,Go,36
211,0.22530102729797363,95,JavaScript,95
212,0.3094940185546875,95,C++,55
213,0.22385621070861816,95,Java,31
214,0.21525001525878906,95,Ruby,78
215,0.2150871753692627,95,Ruby,30
216,0.22298002243041992,95,Swift,83
217,0.2164287567138672,95,C++,17
218,0.2279059886932373,95,Java,42
219,0.2257838249206543,95,Go,62
220,0.21198105812072754,95,Go,94
221,0.2819039821624756,95,Swift,38
222,0.21996784210205078,95,Swift,37
223,0.2742171287536621,95,C++,26
224,0.2296161651611328,95,Kotlin,17
225,0.223801851272583,95,Ruby,37
226,0.24140119552612305,95,C++,76
227,0.2196030616760254,95,Python,40
228,0.2649500370025635,95,JavaScript,76
229,0.2213737964630127,95,Java,92
230,0.27720212936401367,95,Kotlin,53
231,0.21538424491882324,95,Python,35
232,0.2363448143005371,95,C++,98
233,0.24206304550170898,95,Swift,62
234,0.21990489959716797,95,Swift,25
235,0.22450995445251465,95,Java,93
236,0.2164452075958252,95,Swift,22
237,0.25652480125427246,95,Java,50
238,0.2230088710784912,95,Java,52
239,0.2482929229736328,95,Java,62
240,0.2320101261138916,95,Swift,5
241,0.24649715423583984,95,C++,96
242,0.22870802879333496,95,Ruby,97
243,0.2236928939819336,95,Kotlin,41
244,0.21363615989685059,95,JavaScript,87
245,0.21581792831420898,95,Python,22
246,0.23871898651123047,95,Java,20
247,0.21814608573913574,95,JavaScript,37
248,0.2464139461517334,95,Java,3
249,0.21222496032714844,95,Ruby,64
250,0.2906687259674072,95,Go,91
251,0.2197408676147461,95,Go,11
252,0.22181105613708496,95,Ruby,76
253,0.21346616744995117,95,Python,16
254,0.2268829345703125,95,JavaScript,76
255,0.22490811347961426,95,C++,47
256,0.22895169258117676,95,Swift,34
257,0.307528018951416,95,Kotlin,86
258,0.21896100044250488,95,C++,45
259,0.2276160717010498,95,Go,95
260,0.24935388565063477,95,Swift,96
261,0.23900580406188965,95,Python,46
262,0.22326898574829102,95,C++,6
263,0.22007989883422852,95,Ruby,63
264,0.238785982131958,95,C++,97
265,0.22197723388671875,95,Kotlin,44
266,0.24489712715148926,95,Go,33
267,0.2263469696044922,95,Java,26
268,0.5868091583251953,95,Python,10
269,0.2221689224243164,95,Kotlin,30
270,0.3189890384674072,95,Ruby,9
271,0.2987992763519287,95,Python,40
272,0.23270511627197266,95,Kotlin,14
273,0.22036409378051758,95,Kotlin,43
274,0.22490787506103516,95,JavaScript,80
275,0.21970891952514648,95,C++,17
276,0.22489285469055176,95,Python,75
277,0.22440218925476074,95,Swift,77
278,0.21677684783935547,95,JavaScript,25
279,0.24852609634399414,95,Go,96
280,0.23346519470214844,95,Kotlin,72
281,0.23727011680603027,95,Swift,7
282,0.21482396125793457,95,Swift,100
283,0.22196722030639648,95,Go,88
284,0.23097586631774902,95,Python,86
285,0.221297025680542,95,Go,30
286,0.2162621021270752,95,Python,82
287,0.2431328296661377,95,Ruby,84
288,0.26441383361816406,95,Ruby,50
289,0.3806142807006836,95,C++,7
290,0.2458789348602295,95,Python,56
291,0.2599470615386963,95,Go,35
292,0.22659516334533691,95,Swift,79
293,0.22552704811096191,95,Kotlin,92
294,0.22053027153015137,95,Python,19
295,0.2418050765991211,95,Python,25
296,0.2245190143585205,95,Kotlin,100
297,0.26097893714904785,95,Ruby,39
298,0.2196338176727295,95,Kotlin,93
299,0.24152803421020508,95,Python,92
300,0.24627184867858887,95,Ruby,56
301,0.2220292091369629,95,Swift,74
302,0.248884916305542,95,JavaScript,19
303,0.21698927879333496,95,Ruby,71
304,0.2178051471710205,95,Python,69
305,0.21820497512817383,95,Python,53
306,0.24486708641052246,95,Java,84
307,0.3465709686279297,95,Kotlin,25
308,0.24718189239501953,95,Ruby,15
309,0.2664327621459961,95,Python,60
310,0.22853398323059082,95,Swift,37
311,0.25627589225769043,95,JavaScript,42
312,0.2885451316833496,95,Ruby,92
313,0.21846294403076172,95,JavaScript,62
314,0.2262871265411377,95,JavaScript,75
315,0.2674369812011719,95,Swift,98
316,0.23293495178222656,95,C++,26
317,0.24023199081420898,95,Swift,98
318,2.953047037124634,95,Kotlin,65
319,0.24448680877685547,95,Java,86
320,0.8636541366577148,95,JavaScript,7
321,0.22883105278015137,95,JavaScript,32
322,0.2251138687133789,95,Kotlin,41
323,0.25588297843933105,95,Java,77
324,0.20911788940429688,95,Java,80
325,0.21684718132019043,95,Python,53
326,0.23059415817260742,95,Java,79
327,0.22542810440063477,95,Swift,33
328,0.22201180458068848,95,Ruby,9
329,0.3156249523162842,95,JavaScript,30
330,0.21886205673217773,95,Python,73
331,0.2770497798919678,95,Kotlin,89
332,0.2159709930419922,95,Swift,99
333,0.21681618690490723,95,Kotlin,58
334,0.2535560131072998,95,JavaScript,35
335,1.093435287475586,95,Ruby,92
336,0.2447972297668457,95,Ruby,87
337,0.25989389419555664,95,Swift,64
338,0.2134408950805664,95,Ruby,100
339,0.21733498573303223,95,Kotlin,71
340,0.22704505920410156,95,Python,99
341,0.22459793090820312,95,JavaScript,99
342,0.24284911155700684,95,Ruby,48
343,0.29265594482421875,95,Ruby,74
344,0.22349905967712402,95,Ruby,89
345,0.24311494827270508,95,Kotlin,66
346,0.232957124710083,95,Python,85
347,0.2176220417022705,95,Go,66
348,0.22485899925231934,95,Java,11
349,0.21342682838439941,95,Swift,27
350,0.21443891525268555,95,C++,25
351,0.23868799209594727,95,Python,91
352,0.2125098705291748,95,Kotlin,17
353,0.22838878631591797,95,JavaScript,62
354,0.22084617614746094,95,C++,62
355,0.22308707237243652,95,Python,50
356,0.23250508308410645,95,Kotlin,16
357,0.21877813339233398,95,Swift,37
358,0.23896288871765137,95,Python,53
359,0.22397422790527344,95,C++,10
360,0.2620689868927002,95,Go,79
361,0.24710583686828613,95,Ruby,81
362,0.37319016456604004,95,Swift,8
363,0.2286379337310791,95,Swift,37
364,0.24817919731140137,95,C++,32
365,0.23008322715759277,95,Ruby,72
366,0.2159900665283203,95,Java,55
367,0.22715020179748535,95,Go,10
368,0.2187819480895996,95,Go,55
369,0.23739981651306152,95,Swift,26
370,0.24204301834106445,95,Python,3
371,0.6778011322021484,95,C++,71
372,0.23033618927001953,95,JavaScript,45
373,0.25186610221862793,95,Go,16
374,0.26113176345825195,95,JavaScript,2
375,0.29755616188049316,95,Python,2
376,0.22327399253845215,95,JavaScript,27
377,0.224945068359375,95,Go,43
378,0.23293685913085938,95,JavaScript,22
379,0.22425436973571777,95,Kotlin,57
380,0.2390451431274414,95,Swift,36
381,0.2243208885192871,95,JavaScript,24
382,0.27394580841064453,95,C++,30
383,0.2241511344909668,95,Python,37
384,0.21383190155029297,95,Java,90
385,0.21433186531066895,95,Swift,94
386,0.22888398170471191,95,JavaScript,81
387,0.3107788562774658,95,Ruby,95
388,0.23203730583190918,95,Java,60
389,0.21743202209472656,95,Python,50
390,0.21373724937438965,95,Swift,36
391,0.2382059097290039,95,Python,68
392,0.2259199619293213,95,C++,73
393,0.2621338367462158,95,Go,37
394,0.22377705574035645,95,Swift,92
395,0.21826887130737305,95,Python,50
396,0.21662306785583496,95,Python,94
397,0.23168587684631348,95,Go,67
398,0.21846723556518555,95,C++,18
399,0.25496792793273926,95,JavaScript,10
400,0.24280905723571777,95,C++,40
401,0.2388768196105957,95,JavaScript,58
402,0.21882891654968262,95,Ruby,100
403,0.24820423126220703,95,Java,51
404,0.2990100383758545,95,JavaScript,99
405,0.23958897590637207,95,Go,56
406,0.22420096397399902,95,Swift,12
407,0.23143601417541504,95,C++,61
408,0.22148823738098145,95,Ruby,72
409,0.247100830078125,95,Go,69
410,0.22676491737365723,95,Ruby,35
411,0.22864699363708496,95,JavaScript,85
412,0.2212817668914795,95,JavaScript,50
413,0.2183670997619629,95,JavaScript,94
414,0.22224998474121094,95,Python,94
415,0.21854114532470703,95,Python,14
416,0.23919105529785156,95,Python,80
417,0.2204878330230713,95,Ruby,5
418,0.2799537181854248,95,Kotlin,28
419,0.21665573120117188,95,Python,71
420,0.3821399211883545,95,Swift,40
421,0.21790695190429688,95,Python,83
422,0.23485398292541504,95,Ruby,50
423,0.29871106147766113,95,C++,83
424,0.22736001014709473,95,Java,73
425,0.2503011226654053,95,Go,87
426,0.2518031597137451,95,Python,84
427,0.21811199188232422,95,Swift,49
428,0.2505006790161133,95,Swift,38
429,0.32852792739868164,95,JavaScript,10
430,0.221085786819458,95,Go,68
431,0.2787132263183594,95,Go,61
432,0.2298603057861328,95,Python,88
433,0.22216391563415527,95,JavaScript,54
434,0.22376275062561035,95,Kotlin,85
435,0.23068523406982422,95,Python,48
436,0.2237548828125,95,C++,25
437,0.21154308319091797,95,Swift,50
438,0.24171113967895508,95,Go,24
439,0.2156379222869873,95,Kotlin,80
440,0.27663207054138184,95,JavaScript,73
441,0.24217486381530762,95,Swift,88
442,0.2301619052886963,95,Swift,56
443,0.25970005989074707,95,Swift,70
444,0.22227907180786133,95,C++,37
445,0.2519528865814209,95,Python,10
446,2.805279016494751,95,JavaScript,96
447,0.22349119186401367,95,Go,51
448,0.24378275871276855,95,Go,71
449,0.22851085662841797,95,Ruby,47
450,0.24038076400756836,95,JavaScript,24
451,0.22316217422485352,95,Go,44
452,0.2256450653076172,95,C++,77
453,0.25177788734436035,95,Ruby,27
454,0.22017502784729004,95,Swift,32
455,0.22579097747802734,95,Kotlin,84
456,0.21914100646972656,95,Go,99
457,0.26265597343444824,95,JavaScript,32
458,0.21899628639221191,95,Ruby,99
459,0.27954816818237305,95,Kotlin,26
460,0.23995208740234375,95,Swift,24
461,0.22298979759216309,95,Ruby,22
462,0.21907305717468262,95,Kotlin,14
463,0.2176361083984375,95,Java,42
464,0.2497081756591797,95,Python,77
465,0.2356090545654297,95,Go,84
466,0.29229283332824707,95,Go,87
467,0.21072697639465332,95,Kotlin,3
468,0.2376420497894287,95,Ruby,24
469,0.22276687622070312,95,Go,85
470,0.23485016822814941,95,Swift,92
471,0.2156212329864502,95,Go,40
472,0.21346688270568848,95,JavaScript,33
473,0.23008108139038086,95,C++,33
474,0.21164512634277344,95,Swift,59
475,0.22868609428405762,95,Go,17
476,0.22234416007995605,95,Swift,24
477,0.2809300422668457,95,Python,24
478,0.21701788902282715,95,Java,99
479,0.25201416015625,95,JavaScript,14
480,0.22005772590637207,95,Kotlin,79
481,0.2164616584777832,95,C++,63
482,0.222930908203125,95,Python,95
483,0.22966289520263672,95,Python,61
484,0.2629518508911133,95,Kotlin,89
485,0.22490334510803223,95,Go,70
486,0.2226109504699707,95,Go,34
487,0.21883296966552734,95,C++,24
488,0.22644305229187012,95,JavaScript,86
489,0.23514604568481445,95,Python,51
490,0.2368907928466797,95,Kotlin,92
491,0.23963332176208496,95,Swift,31
492,0.21418094635009766,95,Java,66
493,0.3022122383117676,95,Go,25
494,0.23110008239746094,95,Kotlin,99
495,0.25047802925109863,95,Swift,4
496,0.24391436576843262,95,Python,87
497,0.21680307388305664,95,Swift,88
498,0.2546651363372803,95,Java,17
499,0.23163795471191406,95,C++,65
500,0.221696138381958,95,Kotlin,57
501,0.22085022926330566,95,Kotlin,21
502,0.2503790855407715,95,Kotlin,82
503,0.22912287712097168,95,Java,73
504,0.23317599296569824,95,Python,56
505,0.21515178680419922,95,Java,82
506,0.215317964553833,95,Kotlin,57
507,0.2228837013244629,95,Kotlin,55
508,0.22442293167114258,95,Swift,89
509,0.21572184562683105,95,Swift,45
510,0.21154499053955078,95,C++,61
511,0.22431588172912598,95,Swift,82
512,0.22062897682189941,95,C++,20
513,0.26585888862609863,95,Kotlin,88
514,0.25391101837158203,95,Python,37
515,0.3013601303100586,95,Kotlin,5
516,0.2372121810913086,95,Ruby,89
517,0.21865320205688477,95,Ruby,99
518,0.2181408405303955,95,C++,90
519,0.21847105026245117,95,Swift,75
520,0.2673802375793457,95,JavaScript,38
521,0.22036004066467285,95,Go,70
522,0.2752842903137207,95,JavaScript,62
523,0.22255611419677734,95,Python,35
524,0.22825074195861816,95,Go,39
525,0.21226286888122559,95,C++,22
526,0.21861815452575684,95,Ruby,89
527,0.22593903541564941,95,C++,99
528,0.21916699409484863,95,Python,91
529,0.23354101181030273,95,Ruby,57
530,0.22508716583251953,95,Java,23
531,0.2291090488433838,95,C++,64
532,0.21893978118896484,95,C++,64
533,0.3469398021697998,95,Python,35
534,0.21794819831848145,95,Java,99
535,0.21659278869628906,95,Java,31
536,0.23055005073547363,95,C++,85
537,0.2740919589996338,95,Go,72
538,0.24878382682800293,95,C++,90
539,0.215836763381958,95,C++,77
540,0.2658219337463379,95,Go,12
541,0.221329927444458,95,C++,61
542,0.21346426010131836,95,Ruby,67
543,0.22129511833190918,95,Ruby,69
544,0.27048397064208984,95,Swift,30
545,0.25347399711608887,95,C++,19
546,0.23778986930847168,95,Ruby,9
547,0.21986818313598633,95,Python,15
548,0.23015904426574707,95,Java,89
549,0.22191691398620605,95,Kotlin,37
550,0.235184907913208,95,Go,1
551,0.29024410247802734,95,Kotlin,85
552,0.21564197540283203,95,Go,95
553,0.32927608489990234,95,C++,73
554,0.29784703254699707,95,C++,99
555,0.24559688568115234,95,Ruby,61
556,0.2736811637878418,95,C++,70
557,0.2198038101196289,95,Kotlin,44
558,0.23822999000549316,95,Go,78
559,0.21505975723266602,95,Java,93
560,0.2315371036529541,95,JavaScript,91
561,0.20923113822937012,95,Swift,93
562,0.31557607650756836,95,Ruby,83
563,0.22412705421447754,95,Python,32
564,0.335284948348999,95,Kotlin,65
565,0.2371063232421875,95,Go,9
566,0.22521185874938965,95,Kotlin,92
567,0.22335100173950195,95,C++,83
568,0.21349573135375977,95,Python,28
569,0.22259187698364258,95,Java,80
570,0.21309185028076172,95,Ruby,27
571,0.3122220039367676,95,C++,42
572,0.2531309127807617,95,JavaScript,47
573,0.2798919677734375,95,Java,48
574,0.2215127944946289,95,C++,58
575,0.22330427169799805,95,JavaScript,24
576,0.2371530532836914,95,Go,74
577,0.21086692810058594,95,Swift,76
578,0.22759079933166504,95,JavaScript,83
579,0.2162787914276123,95,Kotlin,64
580,0.2525331974029541,95,Python,93
581,0.22671914100646973,95,Swift,53
582,0.2648921012878418,95,Go,30
583,0.23645496368408203,95,JavaScript,81
584,0.22077298164367676,95,Ruby,95
585,0.2232980728149414,95,C++,100
586,0.2192978858947754,95,C++,58
587,0.26439690589904785,95,Go,69
588,0.21256089210510254,95,Go,76
589,0.2855973243713379,95,Go,39
590,0.2232959270477295,95,Swift,16
591,0.2730729579925537,95,Python,29
592,0.23399806022644043,95,Python,36
593,0.22893428802490234,95,JavaScript,41
594,0.2486112117767334,95,Python,29
595,0.22005724906921387,95,Kotlin,24
596,0.2280879020690918,95,C++,36
597,0.22611212730407715,95,Swift,9
598,0.21197795867919922,95,JavaScript,78
599,0.2250969409942627,95,Kotlin,49
600,0.2320728302001953,95,C++,28
601,0.21260905265808105,95,Ruby,75
602,0.2611708641052246,95,Swift,85
603,0.22487878799438477,95,C++,85
604,0.2178959846496582,95,JavaScript,80
605,0.21419000625610352,95,Swift,76
606,0.2202918529510498,95,C++,80
607,0.2882659435272217,95,Java,26
608,0.22912001609802246,95,Swift,73
609,0.23545193672180176,95,Swift,11
610,0.22176218032836914,95,Python,10
611,0.26486825942993164,95,Kotlin,3
612,0.21575212478637695,95,Kotlin,80
613,0.2180008888244629,95,Kotlin,32
614,0.21847915649414062,95,JavaScript,98
615,0.22590208053588867,95,C++,73
616,0.22454595565795898,95,Kotlin,88
617,0.21725702285766602,95,Python,11
618,0.24058914184570312,95,Kotlin,86
619,0.22298789024353027,95,Go,99
620,0.2265791893005371,95,JavaScript,15
621,0.22951602935791016,95,JavaScript,99
622,0.22473621368408203,95,C++,68
623,0.21708989143371582,95,Python,44
624,0.22095489501953125,95,C++,89
625,0.23964285850524902,95,Kotlin,75
626,0.22435307502746582,95,C++,90
627,0.5752031803131104,95,Java,31
628,0.21450495719909668,95,Ruby,43
629,0.21897387504577637,95,Python,81
630,0.21920323371887207,95,Java,16
631,0.22431588172912598,95,Python,61
632,0.2214679718017578,95,Python,96
633,0.22473907470703125,95,Ruby,36
634,0.24596309661865234,95,Python,89
635,0.2254488468170166,95,Go,97
636,0.25151896476745605,95,Ruby,97
637,0.22053122520446777,95,Swift,66
638,0.30272412300109863,95,Kotlin,39
639,0.20535707473754883,95,Swift,80
640,0.21907901763916016,95,Swift,19
641,0.21776676177978516,95,Python,58
642,0.2288072109222412,95,Kotlin,31
643,0.2215731143951416,95,Ruby,8
644,0.21338391304016113,95,C++,93
645,0.23485493659973145,95,Ruby,9
646,0.23615503311157227,95,Swift,12
647,0.2294631004333496,95,JavaScript,7
648,1.9186618328094482,95,Swift,89
649,0.22198796272277832,95,Ruby,14
650,0.2295849323272705,95,Ruby,75
651,0.270658016204834,95,Go,11
652,0.22349309921264648,95,C++,74
653,0.2582981586456299,95,Python,76
654,0.2608833312988281,95,Java,18
655,0.2221829891204834,95,Java,28
656,0.583162784576416,95,Java,45
657,0.21656298637390137,95,Go,87
658,0.22544193267822266,95,Swift,41
659,0.21684789657592773,95,Ruby,80
660,0.22505998611450195,95,Kotlin,35
661,0.2189168930053711,95,Kotlin,43
662,0.2602851390838623,95,C++,59
663,0.22750186920166016,95,Ruby,90
664,0.2740657329559326,95,Kotlin,5
665,0.21337127685546875,95,Java,62
666,0.23697686195373535,95,Python,62
667,0.22051501274108887,95,Swift,15
668,0.2202162742614746,95,JavaScript,13
669,0.21880602836608887,95,Java,87
670,0.21869206428527832,95,JavaScript,78
671,0.21517205238342285,95,JavaScript,25
672,0.22860097885131836,95,C++,93
673,0.24392986297607422,95,Java,3
674,0.22708606719970703,95,JavaScript,80
675,0.22360491752624512,95,C++,63
676,0.21740198135375977,95,Java,39
677,0.21668791770935059,95,JavaScript,17
678,0.20783519744873047,95,Go,85
679,0.2167339324951172,95,JavaScript,56
680,0.24739480018615723,95,Kotlin,71
681,0.22049283981323242,95,Swift,38
682,0.2561490535736084,95,Swift,66
683,0.22667193412780762,95,Swift,40
684,0.36699891090393066,95,Go,30
685,0.21083593368530273,95,JavaScript,31
686,0.23584413528442383,95,C++,47
687,0.2272169589996338,95,Go,56
688,0.22362112998962402,95,Swift,51
689,0.2367720603942871,95,Java,62
690,0.22165298461914062,95,Go,51
691,0.2832911014556885,95,JavaScript,70
692,0.2153780460357666,95,Kotlin,24
693,0.2560100555419922,95,Ruby,57
694,0.2375349998474121,95,Ruby,72
695,0.2336111068725586,95,Go,18
696,0.23959612846374512,95,Swift,9
697,0.2132279872894287,95,Swift,81
698,0.21592998504638672,95,C++,52
699,0.22057175636291504,95,Go,77
700,0.27687501907348633,95,Python,3
701,0.23146700859069824,95,Go,64
702,0.2191610336303711,95,Ruby,98
703,0.2228388786315918,95,C++,75
704,0.2148280143737793,95,Python,66
705,0.2265176773071289,95,C++,86
706,0.22713708877563477,95,Swift,17
707,0.2155320644378662,95,Go,66
708,0.22589516639709473,95,Kotlin,24
709,0.3561229705810547,95,Go,12
710,0.9848628044128418,95,Ruby,86
711,0.23862504959106445,95,Python,36
712,3.2205650806427,95,Java,85
713,0.22011327743530273,95,Python,33
714,0.4209439754486084,95,JavaScript,55
715,0.22025084495544434,95,JavaScript,68
716,0.24050378799438477,95,Go,3
717,0.22487187385559082,95,Python,96
718,0.24244928359985352,95,Java,20
719,0.21854591369628906,95,Go,87
720,0.23560595512390137,95,Python,9
721,0.22152018547058105,95,Kotlin,2
722,0.2273881435394287,95,Python,99
723,0.26366496086120605,95,JavaScript,89
724,0.21633410453796387,95,Java,60
725,0.23462986946105957,95,Python,26
726,0.21670079231262207,95,Swift,23
727,0.2647669315338135,95,Kotlin,41
728,0.212691068649292,95,JavaScript,72
729,0.2254018783569336,95,JavaScript,63
730,0.23194003105163574,95,JavaScript,98
731,0.2188410758972168,95,JavaScript,25
732,0.23321819305419922,95,Python,81
733,0.21598505973815918,95,JavaScript,30
734,0.25243115425109863,95,C++,12
735,0.2148609161376953,95,Swift,90
736,0.24948978424072266,95,Ruby,95
737,0.23395419120788574,95,Ruby,19
738,0.21447086334228516,95,Swift,1
739,0.21135711669921875,95,JavaScript,63
740,0.21330785751342773,95,Go,36
741,0.2221508026123047,95,Go,62
742,0.242095947265625,95,C++,47
743,0.2459719181060791,95,Go,55
744,0.22388100624084473,95,Java,89
745,0.2152540683746338,95,Java,39
746,0.23287487030029297,95,Ruby,23
747,0.21599292755126953,95,Python,27
748,0.22593903541564941,95,Ruby,25
749,0.21546387672424316,95,Swift,36
750,0.2129688262939453,95,JavaScript,34
751,0.23759078979492188,95,Ruby,79
752,0.32834577560424805,95,Ruby,37
753,0.21671199798583984,95,Java,18
754,0.24595880508422852,95,C++,75
755,0.21791696548461914,95,Java,76
756,0.2145862579345703,95,C++,56
757,0.23136305809020996,95,JavaScript,69
758,0.2453000545501709,95,Python,92
759,0.22782182693481445,95,Java,74
760,0.2239999771118164,95,C++,75
761,0.25119686126708984,95,Python,65
762,0.22377610206604004,95,Ruby,73
763,0.2768371105194092,95,Python,99
764,0.5707929134368896,95,Go,28
765,0.22154903411865234,95,Ruby,38
766,0.2251110076904297,95,Python,39
767,0.21753787994384766,95,Python,50
768,0.22269797325134277,95,Swift,21
769,0.22246193885803223,95,Go,61
770,0.21331310272216797,95,Ruby,98
771,0.2479100227355957,95,Swift,22
772,0.2849092483520508,95,C++,53
773,0.21563267707824707,95,Java,4
774,0.22864913940429688,95,Python,52
775,0.21948909759521484,95,Ruby,60
776,0.23123383522033691,95,Python,62
777,0.2192080020904541,95,Swift,1
778,0.22669529914855957,95,Go,46
779,0.2611210346221924,95,Swift,63
780,0.21415281295776367,95,JavaScript,17
781,0.22571206092834473,95,JavaScript,10
782,0.21842098236083984,95,Python,71
783,0.26093506813049316,95,Go,69
784,0.23237872123718262,95,Kotlin,14
785,0.22116708755493164,95,Go,67
786,0.22894787788391113,95,Ruby,65
787,0.22196292877197266,95,Go,21
788,0.2158060073852539,95,Java,58
789,0.20987868309020996,95,Kotlin,10
790,0.4303312301635742,95,C++,81
791,0.21434402465820312,95,Go,93
792,0.2892589569091797,95,Go,26
793,0.21569156646728516,95,JavaScript,51
794,0.4048140048980713,95,Python,48
795,0.2337949275970459,95,Ruby,19
796,0.22567009925842285,95,Go,10
797,0.24118494987487793,95,JavaScript,41
798,0.22427892684936523,95,Swift,63
799,0.24635100364685059,95,Kotlin,72
800,0.22013211250305176,95,Kotlin,28
801,0.2320411205291748,95,Go,37
802,0.21916484832763672,95,C++,29
803,0.21162199974060059,95,Python,46
804,0.2283949851989746,95,Swift,69
805,0.22574400901794434,95,Go,75
806,0.2087879180908203,95,Python,47
807,0.21706199645996094,95,Ruby,21
808,0.23416590690612793,95,Python,52
809,0.22480225563049316,95,Ruby,23
810,0.29699206352233887,95,Swift,85
811,0.2640650272369385,95,Swift,48
812,0.266071081161499,95,Python,80
813,0.2248368263244629,95,Swift,72
814,0.21938109397888184,95,Ruby,97
815,0.22710585594177246,95,Java,23
816,0.21552515029907227,95,Java,79
817,0.2377331256866455,95,Python,85
818,0.22077178955078125,95,Go,19
819,0.36083197593688965,95,Python,79
820,0.30985498428344727,95,Python,48
821,0.2883310317993164,95,Kotlin,23
822,0.22656488418579102,95,Swift,91
823,0.30134105682373047,95,Python,89
824,0.23783087730407715,95,Swift,6
825,0.22917485237121582,95,JavaScript,16
826,0.24326872825622559,95,Ruby,73
827,0.22968220710754395,95,Go,16
828,0.2426598072052002,95,C++,57
829,0.22996091842651367,95,JavaScript,98
830,0.27684998512268066,95,JavaScript,67
831,0.2199878692626953,95,Ruby,25
832,0.2810022830963135,95,Python,33
833,0.2230970859527588,95,C++,57
834,0.26138925552368164,95,C++,32
835,0.2446269989013672,95,Swift,63
836,0.25800085067749023,95,Go,50
837,0.2319202423095703,95,C++,13
838,0.2188880443572998,95,Swift,37
839,0.2871510982513428,95,Kotlin,6
840,0.22457003593444824,95,Java,95
841,0.2716522216796875,95,Ruby,56
842,0.2194352149963379,95,Java,57
843,0.22179770469665527,95,JavaScript,52
844,0.2264268398284912,95,C++,73
845,0.22883868217468262,95,Python,55
846,0.2151789665222168,95,Go,46
847,0.2113780975341797,95,Go,81
848,0.2905428409576416,95,Ruby,8
849,0.2239089012145996,95,Ruby,49
850,0.24302983283996582,95,Java,31
851,0.2523808479309082,95,Ruby,38
852,0.3096587657928467,95,Ruby,98
853,0.23658084869384766,95,Go,61
854,0.21443796157836914,95,Go,20
855,0.21785712242126465,95,Swift,89
856,0.21889305114746094,95,Java,22
857,0.23056721687316895,95,Ruby,100
858,0.23755788803100586,95,JavaScript,31
859,0.3190910816192627,95,Kotlin,35
860,0.22092103958129883,95,Kotlin,22
861,0.33726000785827637,95,Kotlin,15
862,0.2222130298614502,95,Ruby,33
863,0.22579312324523926,95,Swift,76
864,0.29932403564453125,95,Swift,13
865,0.21551084518432617,95,Kotlin,82
866,0.2269442081451416,95,Go,3
867,0.2252788543701172,95,JavaScript,80
868,0.2563788890838623,95,Kotlin,27
869,0.2123126983642578,95,JavaScript,58
870,0.22915196418762207,95,Kotlin,25
871,0.215958833694458,95,Ruby,46
872,0.24361610412597656,95,C++,68
873,0.22524094581604004,95,C++,2
874,0.24918198585510254,95,Kotlin,78
875,0.23457694053649902,95,JavaScript,12
876,0.22729802131652832,95,Java,59
877,0.23202300071716309,95,Java,93
878,0.21633696556091309,95,Java,89
879,0.2932422161102295,95,Python,69
880,0.22198200225830078,95,C++,81
881,0.3367280960083008,95,Kotlin,15
882,0.24287199974060059,95,JavaScript,38
883,0.22039389610290527,95,Python,86
884,0.23421072959899902,95,Swift,33
885,0.220505952835083,95,Java,16
886,0.26007080078125,95,Ruby,49
887,0.21947026252746582,95,Swift,34
888,0.2804069519042969,95,Java,10
889,0.23398399353027344,95,Ruby,1
890,0.33475804328918457,95,Swift,53
891,0.23075485229492188,95,Go,31
892,0.23957109451293945,95,Python,62
893,0.21601080894470215,95,JavaScript,4
894,0.2296922206878662,95,Python,15
895,0.24984121322631836,95,C++,61
896,0.22812485694885254,95,JavaScript,59
897,0.2672770023345947,95,JavaScript,30
898,0.2261209487915039,95,Swift,94
899,0.2581961154937744,95,Kotlin,99
900,0.23191189765930176,95,Python,7
901,0.22673296928405762,95,Java,31
902,0.24152684211730957,95,Go,66
903,0.3259415626525879,95,C++,51
904,0.23127198219299316,95,Python,71
905,0.23499393463134766,95,Swift,80
906,0.25638294219970703,95,Go,61
907,0.22625207901000977,95,Python,52
908,0.22849822044372559,95,Swift,79
909,0.22484707832336426,95,Swift,30
910,0.23849177360534668,95,C++,37
911,0.32665300369262695,95,Swift,6
912,0.20736169815063477,95,C++,50
913,0.221282958984375,95,C++,38
914,0.2147829532623291,95,C++,2
915,0.23575305938720703,95,Java,64
916,0.22226285934448242,95,Kotlin,21
917,0.260847806930542,95,Go,38
918,0.22067713737487793,95,Ruby,16
919,0.23116016387939453,95,C++,18
920,0.22371721267700195,95,Go,44
921,0.21849608421325684,95,Go,65
922,0.21753168106079102,95,C++,4
923,0.21858477592468262,95,Kotlin,38
924,0.21759700775146484,95,Swift,24
925,0.22438287734985352,95,Python,63
926,0.24256420135498047,95,Go,78
927,0.21619582176208496,95,Kotlin,59
928,0.25337815284729004,95,Go,3
929,0.2222127914428711,95,Python,36
930,0.2186260223388672,95,Swift,40
931,0.23929500579833984,95,C++,97
932,0.3000049591064453,95,Java,67
933,0.2324962615966797,95,Kotlin,24
934,0.2346937656402588,95,Go,30
935,0.3326988220214844,95,Go,93
936,0.2081317901611328,95,JavaScript,3
937,0.22284698486328125,95,Ruby,80
938,0.22438788414001465,95,Python,41
939,0.24465107917785645,95,Python,17
940,0.24840593338012695,95,JavaScript,42
941,0.22725510597229004,95,Java,72
942,0.22828292846679688,95,C++,53
943,0.216688871383667,95,Java,88
944,0.219940185546875,95,Ruby,11
945,0.21561384201049805,95,Ruby,65
946,0.32893919944763184,95,Swift,60
947,0.21100187301635742,95,Swift,8
948,0.34775209426879883,95,JavaScript,87
949,0.21428513526916504,95,C++,63
950,0.21371912956237793,95,Java,72
951,0.2270798683166504,95,C++,72
952,0.2228860855102539,95,Ruby,46
953,0.22426414489746094,95,Python,72
954,0.2291278839111328,95,C++,79
955,0.25019097328186035,95,C++,15
956,0.21788716316223145,95,Go,83
957,0.222520112991333,95,Go,82
958,0.2652149200439453,95,Kotlin,93
959,0.2126929759979248,95,Swift,14
960,0.23673796653747559,95,Ruby,6
961,0.224625825881958,95,JavaScript,6
962,0.2576010227203369,95,Ruby,61
963,0.21718192100524902,95,Swift,64
964,0.275676965713501,95,Swift,32
965,0.21836304664611816,95,Ruby,61
966,0.3148338794708252,95,Python,83
967,0.8483819961547852,95,Swift,73
968,0.243635892868042,95,C++,41
969,0.22180509567260742,95,JavaScript,88
970,0.2669999599456787,95,Kotlin,70
971,0.221541166305542,95,JavaScript,89
972,0.21775603294372559,95,Python,20
973,0.2251582145690918,95,JavaScript,56
974,0.21525001525878906,95,Kotlin,37
975,0.22907495498657227,95,Python,87
976,0.21933484077453613,95,Go,71
977,0.2606382369995117,95,Kotlin,45
978,0.2153000831604004,95,Java,98
979,0.21296000480651855,95,Swift,10
980,0.23443388938903809,95,Java,12
981,0.21616005897521973,95,JavaScript,50
982,0.22863268852233887,95,Ruby,86
983,0.21929335594177246,95,Swift,26
984,0.2315061092376709,95,Java,21
985,0.2293109893798828,95,Python,48
986,0.3127717971801758,95,C++,86
987,0.2163562774658203,95,Ruby,53
988,0.21452999114990234,95,Ruby,7
989,0.24861693382263184,95,Kotlin,3
990,0.23445391654968262,95,JavaScript,37
991,0.22871780395507812,95,Ruby,63
992,0.22631192207336426,95,Java,23
993,0.2780327796936035,95,C++,66
994,0.22397899627685547,95,C++,70
995,0.2637009620666504,95,C++,47
996,0.23202204704284668,95,C++,73
997,0.2251589298248291,95,Kotlin,54
998,0.2208387851715088,95,Kotlin,20
999,0.2494220733642578,95,Go,37
1000,0.23193907737731934,95,Swift,43
